Homo_sapiens_Ala-AGC-22-1	73	1	0
Homo_sapiens_Ala-AGC-21-1	73	2	0
Homo_sapiens_Ala-AGC-20-1	71	6	0
Homo_sapiens_Ala-AGC-19-1	73	122	0
Homo_sapiens_Ala-AGC-18-2	73	3	0
Homo_sapiens_Ala-AGC-18-1	73	1	0
Homo_sapiens_Ala-AGC-17-1	73	140	0
Homo_sapiens_Ala-AGC-16-1	73	126	0
Homo_sapiens_Ala-AGC-15-1	73	4867	0
Homo_sapiens_Ala-AGC-14-1	73	43	0
Homo_sapiens_Ala-AGC-13-1	73	222	0
Homo_sapiens_Ala-AGC-13-2	73	223	0
Homo_sapiens_Ala-AGC-12-2	73	129	0
Homo_sapiens_Ala-AGC-12-1	73	151	0
Homo_sapiens_Ala-AGC-12-3	73	146	0
Homo_sapiens_Ala-AGC-11-1	73	12954	0
Homo_sapiens_Ala-AGC-10-1	73	30	0
Homo_sapiens_Ala-AGC-9-2	73	192	0
Homo_sapiens_Ala-AGC-9-1	73	199	0
Homo_sapiens_Ala-AGC-8-1	73	19004	0
Homo_sapiens_Ala-AGC-8-2	73	19058	0
Homo_sapiens_Ala-AGC-7-1	72	563	0
Homo_sapiens_Ala-AGC-6-1	72	6057	0
Homo_sapiens_Ala-AGC-5-1	72	85989	0
Homo_sapiens_Ala-AGC-4-1	72	149071	0
Homo_sapiens_Ala-AGC-3-1	72	7829	0
Homo_sapiens_Ala-AGC-2-2	72	47702	0
Homo_sapiens_Ala-AGC-2-1	72	47757	0
Homo_sapiens_Ala-AGC-1-1	72	32869	0
Homo_sapiens_Ala-CGC-5-1	72	272	0
Homo_sapiens_Ala-CGC-4-1	72	9689	0
Homo_sapiens_Ala-CGC-3-1	72	28291	0
Homo_sapiens_Ala-CGC-2-1	72	82253	0
Homo_sapiens_Ala-CGC-1-1	72	38614	0
Homo_sapiens_Ala-TGC-8-1	72	5	0
Homo_sapiens_Ala-TGC-7-1	71	5	0
Homo_sapiens_Ala-TGC-6-1	72	28580	0
Homo_sapiens_Ala-TGC-5-1	72	8061	0
Homo_sapiens_Ala-TGC-4-1	72	114836	0
Homo_sapiens_Ala-TGC-3-2	72	96481	0
Homo_sapiens_Ala-TGC-3-1	72	96419	0
Homo_sapiens_Ala-TGC-2-1	72	34750	0
Homo_sapiens_Ala-TGC-1-1	72	8751	0
Homo_sapiens_Arg-ACG-2-1	73	2778	0
Homo_sapiens_Arg-ACG-2-4	73	2861	0
Homo_sapiens_Arg-ACG-2-2	73	2853	0
Homo_sapiens_Arg-ACG-2-3	73	2885	0
Homo_sapiens_Arg-ACG-1-3	73	6303	0
Homo_sapiens_Arg-ACG-1-1	73	6259	0
Homo_sapiens_Arg-ACG-1-2	73	6259	0
Homo_sapiens_Arg-CCG-2-1	73	46384	0
Homo_sapiens_Arg-CCG-1-3	73	11570	0
Homo_sapiens_Arg-CCG-1-1	73	11760	0
Homo_sapiens_Arg-CCG-1-2	73	11807	0
Homo_sapiens_Arg-CCT-5-1	73	69	0
Homo_sapiens_Arg-CCT-4-1	73	283723	0
Homo_sapiens_Arg-CCT-3-1	73	14716	0
Homo_sapiens_Arg-CCT-2-1	73	51107	0
Homo_sapiens_Arg-CCT-1-1	73	58523	0
Homo_sapiens_Arg-TCG-6-1	73	12	0
Homo_sapiens_Arg-TCG-5-1	73	4029	0
Homo_sapiens_Arg-TCG-4-1	73	153	0
Homo_sapiens_Arg-TCG-3-1	73	24089	0
Homo_sapiens_Arg-TCG-2-1	73	1780	0
Homo_sapiens_Arg-TCG-1-1	73	10949	0
Homo_sapiens_Arg-TCT-4-1	74	2957	0
Homo_sapiens_Arg-TCT-3-1	91	204	0
Homo_sapiens_Arg-TCT-5-1	87	74	0
Homo_sapiens_Arg-TCT-3-2	86	11710	0
Homo_sapiens_Arg-TCT-2-1	88	11098	0
Homo_sapiens_Arg-TCT-1-1	85	17891	0
Homo_sapiens_Asn-ATT-1-1	74	1	0
Homo_sapiens_Asn-ATT-1-2	74	1	0
Homo_sapiens_Asn-GTT-20-1	76	64	0
Homo_sapiens_Asn-GTT-19-1	74	2	0
Homo_sapiens_Asn-GTT-18-1	74	1	0
Homo_sapiens_Asn-GTT-17-1	74	4212	0
Homo_sapiens_Asn-GTT-16-1	74	2	0
Homo_sapiens_Asn-GTT-16-3	74	0	0
Homo_sapiens_Asn-GTT-16-2	74	0	0
Homo_sapiens_Asn-GTT-16-4	74	0	0
Homo_sapiens_Asn-GTT-16-5	74	0	0
Homo_sapiens_Asn-GTT-15-1	74	8	0
Homo_sapiens_Asn-GTT-14-1	74	18	0
Homo_sapiens_Asn-GTT-13-1	74	7	0
Homo_sapiens_Asn-GTT-12-1	74	0	0
Homo_sapiens_Asn-GTT-11-1	74	259	0
Homo_sapiens_Asn-GTT-11-2	74	249	0
Homo_sapiens_Asn-GTT-10-1	74	6	0
Homo_sapiens_Asn-GTT-9-2	74	108	0
Homo_sapiens_Asn-GTT-9-1	74	96	0
Homo_sapiens_Asn-GTT-8-1	74	850	0
Homo_sapiens_Asn-GTT-7-1	74	650	0
Homo_sapiens_Asn-GTT-6-1	74	11935	0
Homo_sapiens_Asn-GTT-5-1	74	2480	0
Homo_sapiens_Asn-GTT-4-1	74	3674	0
Homo_sapiens_Asn-GTT-3-2	74	192605	0
Homo_sapiens_Asn-GTT-3-1	74	192881	0
Homo_sapiens_Asn-GTT-2-1	74	45034	0
Homo_sapiens_Asn-GTT-2-2	74	44952	0
Homo_sapiens_Asn-GTT-2-3	74	45199	0
Homo_sapiens_Asn-GTT-2-4	74	44369	0
Homo_sapiens_Asn-GTT-2-5	74	44633	0
Homo_sapiens_Asn-GTT-2-6	74	45023	0
Homo_sapiens_Asn-GTT-1-1	74	48701	0
Homo_sapiens_Asp-GTC-9-1	72	1	0
Homo_sapiens_Asp-GTC-8-1	71	0	0
Homo_sapiens_Asp-GTC-7-1	72	36	0
Homo_sapiens_Asp-GTC-6-1	71	2	0
Homo_sapiens_Asp-GTC-5-1	72	42	0
Homo_sapiens_Asp-GTC-4-1	72	170	0
Homo_sapiens_Asp-GTC-3-1	72	2904	0
Homo_sapiens_Asp-GTC-2-5	72	23758	0
Homo_sapiens_Asp-GTC-2-4	72	23652	0
Homo_sapiens_Asp-GTC-2-3	72	23709	0
Homo_sapiens_Asp-GTC-2-2	72	23535	0
Homo_sapiens_Asp-GTC-2-1	72	23758	0
Homo_sapiens_Asp-GTC-2-10	72	23893	0
Homo_sapiens_Asp-GTC-2-9	72	23600	0
Homo_sapiens_Asp-GTC-2-8	72	23886	0
Homo_sapiens_Asp-GTC-2-11	72	23554	0
Homo_sapiens_Asp-GTC-2-6	72	23650	0
Homo_sapiens_Asp-GTC-2-7	72	23626	0
Homo_sapiens_Asp-GTC-1-1	72	22363	0
Homo_sapiens_Cys-GCA-24-1	72	3	0
Homo_sapiens_Cys-GCA-23-1	72	2	0
Homo_sapiens_Cys-GCA-22-1	72	13	0
Homo_sapiens_Cys-GCA-21-1	72	3	0
Homo_sapiens_Cys-GCA-20-1	72	67	0
Homo_sapiens_Cys-GCA-19-1	72	94	0
Homo_sapiens_Cys-GCA-18-1	72	24	0
Homo_sapiens_Cys-GCA-17-1	72	27	0
Homo_sapiens_Cys-GCA-16-1	72	8	0
Homo_sapiens_Cys-GCA-15-1	72	37	0
Homo_sapiens_Cys-GCA-14-1	72	172	0
Homo_sapiens_Cys-GCA-13-1	72	209	0
Homo_sapiens_Cys-GCA-12-1	72	109	0
Homo_sapiens_Cys-GCA-11-1	72	156	0
Homo_sapiens_Cys-GCA-10-1	72	42	0
Homo_sapiens_Cys-GCA-9-1	72	116	0
Homo_sapiens_Cys-GCA-9-3	72	113	0
Homo_sapiens_Cys-GCA-9-4	72	132	0
Homo_sapiens_Cys-GCA-9-2	72	143	0
Homo_sapiens_Cys-GCA-8-1	72	249	0
Homo_sapiens_Cys-GCA-7-1	73	181	0
Homo_sapiens_Cys-GCA-6-1	72	217	0
Homo_sapiens_Cys-GCA-5-1	73	1379	0
Homo_sapiens_Cys-GCA-4-1	72	1933	0
Homo_sapiens_Cys-GCA-3-1	72	16	0
Homo_sapiens_Cys-GCA-2-2	72	1636	0
Homo_sapiens_Cys-GCA-2-4	72	1673	0
Homo_sapiens_Cys-GCA-2-3	72	1622	0
Homo_sapiens_Cys-GCA-2-1	72	1623	0
Homo_sapiens_Cys-GCA-1-1	72	182	0
Homo_sapiens_Gln-CTG-18-1	74	0	0
Homo_sapiens_Gln-CTG-17-1	78	0	0
Homo_sapiens_Gln-CTG-15-1	73	0	0
Homo_sapiens_Gln-CTG-12-1	73	136	0
Homo_sapiens_Gln-CTG-10-1	72	6	0
Homo_sapiens_Gln-CTG-8-2	72	31	0
Homo_sapiens_Gln-CTG-8-1	72	33	0
Homo_sapiens_Gln-CTG-7-1	72	140	0
Homo_sapiens_Gln-CTG-6-1	72	23476	0
Homo_sapiens_Gln-CTG-5-1	72	710	0
Homo_sapiens_Gln-CTG-4-1	72	53654	0
Homo_sapiens_Gln-CTG-4-2	72	54012	0
Homo_sapiens_Gln-CTG-3-1	72	82602	0
Homo_sapiens_Gln-CTG-3-2	72	82746	0
Homo_sapiens_Gln-CTG-2-1	72	146989	0
Homo_sapiens_Gln-CTG-1-4	72	125837	0
Homo_sapiens_Gln-CTG-1-5	72	125479	0
Homo_sapiens_Gln-CTG-1-1	72	126247	0
Homo_sapiens_Gln-CTG-1-2	72	126235	0
Homo_sapiens_Gln-CTG-1-3	72	125736	0
Homo_sapiens_nmt-tRNA-Gln-TTG-14-1	72	16	0
Homo_sapiens_Gln-TTG-10-1	73	0	0
Homo_sapiens_nmt-tRNA-Gln-TTG-5-1	72	1	0
Homo_sapiens_Gln-TTG-6-1	73	16	0
Homo_sapiens_nmt-tRNA-Gln-TTG-3-1	72	349	0
Homo_sapiens_Gln-TTG-4-1	72	226	0
Homo_sapiens_Gln-TTG-3-3	72	33772	0
Homo_sapiens_Gln-TTG-3-2	72	34013	0
Homo_sapiens_Gln-TTG-3-1	72	33238	0
Homo_sapiens_Gln-TTG-2-1	72	7964	0
Homo_sapiens_Gln-TTG-1-1	72	35388	0
Homo_sapiens_Glu-CTC-17-1	69	2	0
Homo_sapiens_Glu-CTC-8-1	72	9	0
Homo_sapiens_Glu-CTC-6-1	72	43	0
Homo_sapiens_Glu-CTC-5-1	71	11	0
Homo_sapiens_Glu-CTC-3-1	72	143	0
Homo_sapiens_Glu-CTC-2-1	72	4836	0
Homo_sapiens_Glu-CTC-1-1	72	169979	0
Homo_sapiens_Glu-CTC-1-5	72	170469	0
Homo_sapiens_Glu-CTC-1-4	72	169978	0
Homo_sapiens_Glu-CTC-1-3	72	170107	0
Homo_sapiens_Glu-CTC-1-2	72	169960	0
Homo_sapiens_Glu-CTC-1-6	72	170664	0
Homo_sapiens_Glu-CTC-1-7	72	169878	0
Homo_sapiens_Glu-TTC-16-1	69	1	0
Homo_sapiens_Glu-TTC-13-1	69	13	0
Homo_sapiens_Glu-TTC-12-1	69	4	0
Homo_sapiens_Glu-TTC-11-1	71	0	0
Homo_sapiens_Glu-TTC-8-1	73	98	0
Homo_sapiens_Glu-TTC-5-1	72	204	0
Homo_sapiens_Glu-TTC-4-1	72	49831	0
Homo_sapiens_Glu-TTC-4-2	72	49839	0
Homo_sapiens_Glu-TTC-3-1	72	9884	0
Homo_sapiens_Glu-TTC-2-1	72	64948	0
Homo_sapiens_Glu-TTC-2-2	72	64621	0
Homo_sapiens_Glu-TTC-1-2	72	59693	0
Homo_sapiens_Glu-TTC-1-1	72	59360	0
Homo_sapiens_Gly-CCC-5-1	71	612	0
Homo_sapiens_Gly-CCC-4-1	71	1327	0
Homo_sapiens_Gly-CCC-3-1	71	69	0
Homo_sapiens_Gly-CCC-2-2	71	323047	0
Homo_sapiens_Gly-CCC-2-1	71	323066	0
Homo_sapiens_Gly-CCC-1-1	71	34708	0
Homo_sapiens_Gly-CCC-1-2	71	34567	0
Homo_sapiens_Gly-GCC-6-1	71	21	0
Homo_sapiens_Gly-GCC-5-1	71	358	0
Homo_sapiens_Gly-GCC-4-1	71	316	0
Homo_sapiens_Gly-GCC-3-1	71	1268	0
Homo_sapiens_Gly-GCC-2-1	71	107984	0
Homo_sapiens_Gly-GCC-2-5	71	108321	0
Homo_sapiens_Gly-GCC-2-4	71	107981	0
Homo_sapiens_Gly-GCC-2-6	71	108519	0
Homo_sapiens_Gly-GCC-2-2	71	107992	0
Homo_sapiens_Gly-GCC-2-3	71	108018	0
Homo_sapiens_Gly-GCC-1-1	71	60559	0
Homo_sapiens_Gly-GCC-1-2	71	59929	0
Homo_sapiens_Gly-GCC-1-3	71	60189	0
Homo_sapiens_Gly-GCC-1-4	71	60069	0
Homo_sapiens_Gly-GCC-1-5	71	60243	0
Homo_sapiens_Gly-TCC-4-1	72	324	0
Homo_sapiens_Gly-TCC-3-1	72	152385	0
Homo_sapiens_Gly-TCC-2-1	72	57908	0
Homo_sapiens_Gly-TCC-2-6	72	58106	0
Homo_sapiens_Gly-TCC-2-5	72	57780	0
Homo_sapiens_Gly-TCC-2-4	72	58074	0
Homo_sapiens_Gly-TCC-2-3	72	58043	0
Homo_sapiens_Gly-TCC-2-2	72	57520	0
Homo_sapiens_Gly-TCC-1-1	72	97971	0
Homo_sapiens_His-GTG-3-1	72	13	0
Homo_sapiens_His-GTG-2-1	72	6087	0
Homo_sapiens_His-GTG-1-4	72	47118	0
Homo_sapiens_His-GTG-1-1	72	47042	0
Homo_sapiens_His-GTG-1-2	72	47508	0
Homo_sapiens_His-GTG-1-3	72	47162	0
Homo_sapiens_His-GTG-1-9	72	47637	0
Homo_sapiens_His-GTG-1-8	72	47329	0
Homo_sapiens_His-GTG-1-7	72	47464	0
Homo_sapiens_His-GTG-1-5	72	47173	0
Homo_sapiens_His-GTG-1-6	72	47138	0
Homo_sapiens_Ile-AAT-9-1	74	666	0
Homo_sapiens_Ile-AAT-8-1	74	41158	0
Homo_sapiens_Ile-AAT-7-1	74	20007	0
Homo_sapiens_Ile-AAT-7-2	74	19965	0
Homo_sapiens_Ile-AAT-6-1	74	33438	0
Homo_sapiens_Ile-AAT-5-4	74	72703	0
Homo_sapiens_Ile-AAT-5-5	74	73116	0
Homo_sapiens_Ile-AAT-5-1	74	72931	0
Homo_sapiens_Ile-AAT-5-3	74	72572	0
Homo_sapiens_Ile-AAT-5-2	74	72490	0
Homo_sapiens_Ile-AAT-4-1	74	38016	0
Homo_sapiens_Ile-AAT-3-1	74	8459	0
Homo_sapiens_Ile-AAT-2-1	74	10106	0
Homo_sapiens_Ile-AAT-1-1	74	5305	0
Homo_sapiens_Ile-GAT-1-3	74	575	0
Homo_sapiens_Ile-GAT-1-2	74	614	0
Homo_sapiens_Ile-GAT-1-1	74	584	0
Homo_sapiens_Ile-TAT-2-2	94	71	0
Homo_sapiens_Ile-TAT-2-3	94	82	0
Homo_sapiens_Ile-TAT-3-1	94	454	0
Homo_sapiens_Ile-TAT-1-1	93	1938	0
Homo_sapiens_Ile-TAT-2-1	93	9048	0
Homo_sapiens_Leu-AAG-8-1	82	105	0
Homo_sapiens_Leu-AAG-6-1	82	275	0
Homo_sapiens_Leu-AAG-5-1	73	9	0
Homo_sapiens_Leu-AAG-4-1	82	266	0
Homo_sapiens_Leu-AAG-3-1	82	468	0
Homo_sapiens_Leu-AAG-2-3	82	16587	0
Homo_sapiens_Leu-AAG-2-4	82	16432	0
Homo_sapiens_Leu-AAG-2-1	82	16259	0
Homo_sapiens_Leu-AAG-2-2	82	16584	0
Homo_sapiens_Leu-AAG-1-3	82	3394	0
Homo_sapiens_Leu-AAG-1-1	82	3375	0
Homo_sapiens_Leu-AAG-1-2	82	3360	0
Homo_sapiens_Leu-CAA-6-1	84	3	0
Homo_sapiens_Leu-CAA-5-1	74	485	0
Homo_sapiens_Leu-CAA-4-1	106	5665	0
Homo_sapiens_Leu-CAA-3-1	107	1526	0
Homo_sapiens_Leu-CAA-2-1	108	2251	0
Homo_sapiens_Leu-CAA-1-1	106	4718	0
Homo_sapiens_Leu-CAA-1-2	105	4575	0
Homo_sapiens_Leu-CAG-3-1	78	0	0
Homo_sapiens_Leu-CAG-2-1	83	1930	0
Homo_sapiens_Leu-CAG-2-2	83	1917	0
Homo_sapiens_Leu-CAG-1-1	83	1384	0
Homo_sapiens_Leu-CAG-1-2	83	1421	0
Homo_sapiens_Leu-CAG-1-3	83	1353	0
Homo_sapiens_Leu-CAG-1-4	83	1329	0
Homo_sapiens_Leu-CAG-1-5	83	1324	0
Homo_sapiens_Leu-CAG-1-6	83	1342	0
Homo_sapiens_Leu-CAG-1-7	83	1415	0
Homo_sapiens_nmt-tRNA-Leu-TAA-4-1	75	229	0
Homo_sapiens_Leu-TAA-5-1	83	3	0
Homo_sapiens_nmt-tRNA-Leu-TAA-1-1	75	599	0
Homo_sapiens_Leu-TAA-4-1	83	2	0
Homo_sapiens_Leu-TAA-3-1	83	259	0
Homo_sapiens_Leu-TAA-2-1	83	58	0
Homo_sapiens_Leu-TAA-1-1	83	369	0
Homo_sapiens_Leu-TAG-3-1	82	23478	0
Homo_sapiens_Leu-TAG-2-1	82	14804	0
Homo_sapiens_Leu-TAG-1-1	82	12156	0
Homo_sapiens_Lys-CTT-15-1	73	121	0
Homo_sapiens_Lys-CTT-11-1	73	342	0
Homo_sapiens_Lys-CTT-10-1	73	120	0
Homo_sapiens_Lys-CTT-9-1	73	119	0
Homo_sapiens_Lys-CTT-8-1	73	35	0
Homo_sapiens_Lys-CTT-7-1	73	47	0
Homo_sapiens_Lys-CTT-6-1	73	89	0
Homo_sapiens_Lys-CTT-5-1	73	816	0
Homo_sapiens_Lys-CTT-4-1	73	19180	0
Homo_sapiens_Lys-CTT-3-1	73	2360	0
Homo_sapiens_Lys-CTT-2-1	73	61069	0
Homo_sapiens_Lys-CTT-2-5	73	61336	0
Homo_sapiens_Lys-CTT-2-3	73	61250	0
Homo_sapiens_Lys-CTT-2-2	73	61446	0
Homo_sapiens_Lys-CTT-2-4	73	60705	0
Homo_sapiens_Lys-CTT-1-1	73	207174	0
Homo_sapiens_Lys-CTT-1-2	73	206836	0
Homo_sapiens_Lys-TTT-16-1	71	0	0
Homo_sapiens_Lys-TTT-12-1	73	7	0
Homo_sapiens_Lys-TTT-11-1	73	183	0
Homo_sapiens_Lys-TTT-9-1	73	117	0
Homo_sapiens_Lys-TTT-8-1	73	32	0
Homo_sapiens_Lys-TTT-7-1	73	115	0
Homo_sapiens_Lys-TTT-6-1	73	593	0
Homo_sapiens_Lys-TTT-5-1	73	3909	0
Homo_sapiens_Lys-TTT-4-1	73	3351	0
Homo_sapiens_Lys-TTT-3-1	73	26742	0
Homo_sapiens_Lys-TTT-3-2	73	26565	0
Homo_sapiens_Lys-TTT-3-4	73	26455	0
Homo_sapiens_Lys-TTT-3-5	73	26342	0
Homo_sapiens_Lys-TTT-3-3	73	26708	0
Homo_sapiens_Lys-TTT-2-1	73	3250	0
Homo_sapiens_Lys-TTT-1-1	73	2555	0
Homo_sapiens_iMet-CAT-3-1	75	772	0
Homo_sapiens_iMet-CAT-2-1	72	9372	0
Homo_sapiens_Met-CAT-7-1	73	58	0
Homo_sapiens_iMet-CAT-1-1	72	351319	0
Homo_sapiens_iMet-CAT-1-8	72	349992	0
Homo_sapiens_iMet-CAT-1-7	72	351791	0
Homo_sapiens_iMet-CAT-1-6	72	349982	0
Homo_sapiens_iMet-CAT-1-5	72	350359	0
Homo_sapiens_iMet-CAT-1-4	72	351146	0
Homo_sapiens_iMet-CAT-1-3	72	350951	0
Homo_sapiens_iMet-CAT-1-2	72	350061	0
Homo_sapiens_Met-CAT-6-1	73	128156	0
Homo_sapiens_Met-CAT-5-1	73	206	0
Homo_sapiens_Met-CAT-4-2	73	8208	0
Homo_sapiens_Met-CAT-4-1	73	8018	0
Homo_sapiens_Met-CAT-4-3	73	7986	0
Homo_sapiens_Met-CAT-3-1	73	4572	0
Homo_sapiens_Met-CAT-3-2	73	4541	0
Homo_sapiens_Met-CAT-2-1	73	12050	0
Homo_sapiens_Met-CAT-1-1	73	31079	0
Homo_sapiens_Phe-GAA-7-1	76	0	0
Homo_sapiens_Phe-GAA-6-1	74	14	0
Homo_sapiens_Phe-GAA-5-1	73	9	0
Homo_sapiens_Phe-GAA-4-1	74	95	0
Homo_sapiens_Phe-GAA-3-1	73	443	0
Homo_sapiens_Phe-GAA-2-1	73	496	0
Homo_sapiens_Phe-GAA-1-3	73	494	0
Homo_sapiens_Phe-GAA-1-4	73	441	0
Homo_sapiens_Phe-GAA-1-5	73	492	0
Homo_sapiens_Phe-GAA-1-6	73	504	0
Homo_sapiens_Phe-GAA-1-1	73	514	0
Homo_sapiens_Phe-GAA-1-2	73	487	0
Homo_sapiens_Pro-AGG-2-1	72	2087	0
Homo_sapiens_Pro-AGG-2-4	72	2075	0
Homo_sapiens_Pro-AGG-2-6	72	2145	0
Homo_sapiens_Pro-AGG-2-5	72	2101	0
Homo_sapiens_Pro-AGG-2-7	72	2069	0
Homo_sapiens_Pro-AGG-2-8	72	2023	0
Homo_sapiens_Pro-AGG-2-2	72	2029	0
Homo_sapiens_Pro-AGG-2-3	72	2146	0
Homo_sapiens_Pro-AGG-1-1	72	2023	0
Homo_sapiens_Pro-AGG-3-1	95	414	0
Homo_sapiens_Pro-CGG-2-1	72	3071	0
Homo_sapiens_Pro-CGG-1-1	72	5112	0
Homo_sapiens_Pro-CGG-1-2	72	5058	0
Homo_sapiens_Pro-CGG-1-3	72	4977	0
Homo_sapiens_Pro-TGG-3-2	72	4527	0
Homo_sapiens_Pro-TGG-3-4	72	4580	0
Homo_sapiens_Pro-TGG-3-3	72	4570	0
Homo_sapiens_Pro-TGG-3-5	72	4422	0
Homo_sapiens_Pro-TGG-3-1	72	4575	0
Homo_sapiens_Pro-TGG-2-1	72	6609	0
Homo_sapiens_Pro-TGG-1-1	72	4478	0
Homo_sapiens_chr19.trna11-Undet???	71	0	0
Homo_sapiens_chr2.trna26-Undet???	71	0	0
Homo_sapiens_chr1.trna126-Undet???	71	0	0
Homo_sapiens_chr1.trna53-Undet???	73	0	0
Homo_sapiens_chr17.trna1-Undet???	69	305	0
Homo_sapiens_chr1.trna137-Undet???	70	218	0
Homo_sapiens_chr1.trna33-Undet???	73	10	0
Homo_sapiens_Leu-AAG-7-1	82	4	0
Homo_sapiens_Ile-AAT-12-1	78	0	0
Homo_sapiens_Ile-AAT-11-1	75	0	0
Homo_sapiens_Ile-AAT-10-1	74	0	0
Homo_sapiens_Cys-ACA-1-1	176	6	0
Homo_sapiens_Ser-ACT-1-1	74	112	0
Homo_sapiens_Ser-AGA-7-1	72	0	0
Homo_sapiens_Ala-AGC-23-1	72	1	0
Homo_sapiens_Pro-AGG-6-1	72	0	0
Homo_sapiens_Pro-AGG-5-1	71	0	0
Homo_sapiens_Pro-AGG-4-1	72	9	0
Homo_sapiens_Leu-CAA-7-1	68	0	0
Homo_sapiens_Val-CAC-14-1	73	21	0
Homo_sapiens_Val-CAC-13-1	73	6	0
Homo_sapiens_Val-CAC-11-1	73	16	0
Homo_sapiens_Val-CAC-11-2	73	11	0
Homo_sapiens_Gly-CCC-8-1	71	0	0
Homo_sapiens_Gly-CCC-7-1	72	731	0
Homo_sapiens_Gly-CCC-6-1	71	67	0
Homo_sapiens_Arg-CCT-9-1	69	1	0
Homo_sapiens_Arg-CCT-8-1	71	1	0
Homo_sapiens_Arg-CCT-7-1	71	31	0
Homo_sapiens_Arg-CCT-6-1	71	2	0
Homo_sapiens_Arg-CCT-6-2	71	3	0
Homo_sapiens_Sup-CTA-3-1	73	0	0
Homo_sapiens_Sup-CTA-2-1	68	0	0
Homo_sapiens_Glu-CTC-18-1	72	1	0
Homo_sapiens_Glu-CTC-16-1	73	0	0
Homo_sapiens_Glu-CTC-15-1	73	116	0
Homo_sapiens_Glu-CTC-14-1	75	8	0
Homo_sapiens_Glu-CTC-13-1	72	5965	0
Homo_sapiens_Glu-CTC-12-1	72	224	0
Homo_sapiens_Glu-CTC-11-1	72	0	0
Homo_sapiens_Glu-CTC-10-1	72	7	0
Homo_sapiens_Glu-CTC-9-1	73	316	0
Homo_sapiens_Glu-CTC-7-1	72	1	0
Homo_sapiens_Glu-CTC-4-1	72	56	0
Homo_sapiens_Gln-CTG-16-1	76	0	0
Homo_sapiens_Gln-CTG-14-1	72	1	0
Homo_sapiens_Gln-CTG-13-1	72	0	0
Homo_sapiens_nmt-tRNA-Gln-CTG-1-1	75	62	0
Homo_sapiens_Gln-CTG-11-1	72	2	0
Homo_sapiens_Gln-CTG-9-1	72	457	0
Homo_sapiens_Lys-CTT-16-1	74	162	0
Homo_sapiens_Lys-CTT-14-1	73	33	0
Homo_sapiens_Lys-CTT-13-1	73	10	0
Homo_sapiens_Lys-CTT-12-1	73	8	0
Homo_sapiens_Phe-GAA-12-1	73	0	0
Homo_sapiens_Phe-GAA-11-1	73	3	0
Homo_sapiens_Phe-GAA-10-1	72	1013	0
Homo_sapiens_Phe-GAA-9-1	72	1208	0
Homo_sapiens_Phe-GAA-8-1	73	84	0
Homo_sapiens_Cys-GCA-25-1	73	667	0
Homo_sapiens_Pro-GGG-1-1	73	0	0
Homo_sapiens_Tyr-GTA-12-1	73	0	0
Homo_sapiens_Tyr-GTA-11-1	76	3	0
Homo_sapiens_Asp-GTC-10-1	72	215	0
Homo_sapiens_Asn-GTT-23-1	74	1	0
Homo_sapiens_Asn-GTT-22-1	74	40	0
Homo_sapiens_Asn-GTT-21-1	74	3	0
Homo_sapiens_nmt-tRNA-Leu-TAA-6-1	75	84	0
Homo_sapiens_nmt-tRNA-Leu-TAA-5-1	75	464	0
Homo_sapiens_nmt-tRNA-Leu-TAA-3-1	75	184440	0
Homo_sapiens_nmt-tRNA-Leu-TAA-2-1	75	272	0
Homo_sapiens_nmt-tRNA-Val-TAC-1-1	75	6831	0
Homo_sapiens_Leu-TAG-4-1	82	47	0
Homo_sapiens_Gly-TCC-6-1	72	57	0
Homo_sapiens_Gly-TCC-5-1	72	47	0
Homo_sapiens_nmt-tRNA-Ser-TGA-3-1	69	21	0
Homo_sapiens_nmt-tRNA-Ser-TGA-2-1	70	37	0
Homo_sapiens_Ala-TGC-10-1	70	0	0
Homo_sapiens_Ala-TGC-9-1	72	86	0
Homo_sapiens_Pro-TGG-5-1	77	0	0
Homo_sapiens_nmt-tRNA-Pro-TGG-1-1	72	0	0
Homo_sapiens_Pro-TGG-4-1	71	143	0
Homo_sapiens_Sup-TTA-3-1	72	0	0
Homo_sapiens_Glu-TTC-15-1	69	7	0
Homo_sapiens_Glu-TTC-14-1	72	11	0
Homo_sapiens_Glu-TTC-10-1	73	22	0
Homo_sapiens_Glu-TTC-9-1	71	266	0
Homo_sapiens_Glu-TTC-7-1	72	678	0
Homo_sapiens_Glu-TTC-6-1	72	26	0
Homo_sapiens_nmt-tRNA-Gln-TTG-15-1	72	4	0
Homo_sapiens_nmt-tRNA-Gln-TTG-13-1	72	94	0
Homo_sapiens_Gln-TTG-9-1	74	0	0
Homo_sapiens_nmt-tRNA-Gln-TTG-12-1	72	15	0
Homo_sapiens_nmt-tRNA-Gln-TTG-11-1	72	5	0
Homo_sapiens_Gln-TTG-8-1	73	0	0
Homo_sapiens_nmt-tRNA-Gln-TTG-10-1	72	1	0
Homo_sapiens_Gln-TTG-7-1	73	0	0
Homo_sapiens_nmt-tRNA-Gln-TTG-9-1	72	2058	0
Homo_sapiens_nmt-tRNA-Gln-TTG-8-1	75	11	0
Homo_sapiens_nmt-tRNA-Gln-TTG-7-1	72	75129	0
Homo_sapiens_nmt-tRNA-Gln-TTG-6-1	75	3	0
Homo_sapiens_nmt-tRNA-Gln-TTG-4-1	72	4	0
Homo_sapiens_nmt-tRNA-Gln-TTG-2-1	72	1	0
Homo_sapiens_nmt-tRNA-Gln-TTG-1-1	72	1	0
Homo_sapiens_Gln-TTG-5-1	73	0	0
Homo_sapiens_Lys-TTT-17-1	70	0	0
Homo_sapiens_Lys-TTT-15-1	73	122	0
Homo_sapiens_Lys-TTT-14-1	73	80516	0
Homo_sapiens_Lys-TTT-13-1	74	1	0
Homo_sapiens_Lys-TTT-10-1	73	7	0
Homo_sapiens_SeC-TCA-3-1	74	128	0
Homo_sapiens_SeC-TCA-2-1	86	9	0
Homo_sapiens_SeC-TCA-1-1	86	1362	0
Homo_sapiens_Ser-AGA-6-1	82	1	0
Homo_sapiens_Ser-AGA-5-1	72	10	0
Homo_sapiens_Ser-AGA-4-1	82	80	0
Homo_sapiens_Ser-AGA-3-1	82	211	0
Homo_sapiens_Ser-AGA-2-6	82	520	0
Homo_sapiens_Ser-AGA-2-2	82	516	0
Homo_sapiens_Ser-AGA-2-3	82	514	0
Homo_sapiens_Ser-AGA-2-4	82	502	0
Homo_sapiens_Ser-AGA-2-1	82	511	0
Homo_sapiens_Ser-AGA-2-5	82	486	0
Homo_sapiens_Ser-AGA-1-1	82	1604	0
Homo_sapiens_Ser-CGA-4-1	82	2146	0
Homo_sapiens_Ser-CGA-3-1	82	120	0
Homo_sapiens_Ser-CGA-2-1	82	120	0
Homo_sapiens_Ser-CGA-1-1	82	1310	0
Homo_sapiens_Ser-GCT-6-1	84	139	0
Homo_sapiens_Ser-GCT-5-1	82	75	0
Homo_sapiens_Ser-GCT-4-2	82	158	0
Homo_sapiens_Ser-GCT-4-3	82	178	0
Homo_sapiens_Ser-GCT-4-1	82	171	0
Homo_sapiens_Ser-GCT-3-1	82	3990	0
Homo_sapiens_Ser-GCT-2-1	82	203	0
Homo_sapiens_Ser-GCT-1-1	82	70	0
Homo_sapiens_nmt-tRNA-Ser-TGA-1-1	70	35	0
Homo_sapiens_Ser-TGA-4-1	82	336	0
Homo_sapiens_Ser-TGA-3-1	82	1062	0
Homo_sapiens_Ser-TGA-2-1	82	2550	0
Homo_sapiens_Ser-TGA-1-1	82	743	0
Homo_sapiens_Sup-CTA-1-1	74	0	0
Homo_sapiens_Sup-TTA-2-1	71	0	0
Homo_sapiens_Sup-TTA-1-1	71	57	0
Homo_sapiens_Thr-AGT-7-1	74	1347	0
Homo_sapiens_Thr-AGT-6-1	74	10877	0
Homo_sapiens_Thr-AGT-4-1	74	12884	0
Homo_sapiens_Thr-AGT-5-1	74	50196	0
Homo_sapiens_Thr-AGT-3-1	74	4862	0
Homo_sapiens_Thr-AGT-2-2	74	9992	0
Homo_sapiens_Thr-AGT-2-1	74	10141	0
Homo_sapiens_Thr-AGT-1-2	74	59551	0
Homo_sapiens_Thr-AGT-1-1	74	58920	0
Homo_sapiens_Thr-AGT-1-3	74	58830	0
Homo_sapiens_Thr-CGT-6-1	72	1021	0
Homo_sapiens_Thr-CGT-5-1	74	11	0
Homo_sapiens_Thr-CGT-4-1	72	88010	0
Homo_sapiens_Thr-CGT-3-1	74	32887	0
Homo_sapiens_Thr-CGT-2-1	72	111551	0
Homo_sapiens_Thr-CGT-1-1	74	7414	0
Homo_sapiens_Thr-TGT-6-1	72	341	0
Homo_sapiens_Thr-TGT-5-1	73	23986	0
Homo_sapiens_Thr-TGT-4-1	73	25970	0
Homo_sapiens_Thr-TGT-3-1	73	11206	0
Homo_sapiens_Thr-TGT-2-1	73	12501	0
Homo_sapiens_Thr-TGT-1-1	74	100250	0
Homo_sapiens_Trp-CCA-7-1	74	0	0
Homo_sapiens_Trp-CCA-5-1	72	565	0
Homo_sapiens_Trp-CCA-4-1	72	5820	0
Homo_sapiens_Trp-CCA-3-3	72	924	0
Homo_sapiens_Trp-CCA-3-2	72	838	0
Homo_sapiens_Trp-CCA-3-1	72	942	0
Homo_sapiens_Trp-CCA-2-1	72	8997	0
Homo_sapiens_Trp-CCA-1-1	72	922	0
Homo_sapiens_Trp-CCA-6-1	99	0	0
Homo_sapiens_Tyr-ATA-1-1	93	4	0
Homo_sapiens_Tyr-GTA-10-1	73	9	0
Homo_sapiens_Tyr-GTA-5-3	94	832	0
Homo_sapiens_Tyr-GTA-4-1	94	343	0
Homo_sapiens_Tyr-GTA-7-1	94	17	0
Homo_sapiens_Tyr-GTA-5-4	94	788	0
Homo_sapiens_Tyr-GTA-5-5	89	593	0
Homo_sapiens_Tyr-GTA-1-1	91	358	0
Homo_sapiens_Tyr-GTA-8-1	90	866	0
Homo_sapiens_Tyr-GTA-3-1	89	9370	0
Homo_sapiens_Tyr-GTA-6-1	89	200	0
Homo_sapiens_Tyr-GTA-2-1	89	630	0
Homo_sapiens_Tyr-GTA-9-1	88	0	0
Homo_sapiens_Tyr-GTA-5-1	93	811	0
Homo_sapiens_Tyr-GTA-5-2	89	562	0
Homo_sapiens_chr17.trna22-Undet???	75	0	0
Homo_sapiens_chr8.trna8-Undet???	69	3	0
Homo_sapiens_chr6.trna26-Undet???	74	45	0
Homo_sapiens_Val-AAC-7-1	73	27	0
Homo_sapiens_Val-AAC-6-1	72	16	0
Homo_sapiens_Val-AAC-5-1	73	1228	0
Homo_sapiens_Val-AAC-4-1	73	1231	0
Homo_sapiens_Val-AAC-3-1	73	13312	0
Homo_sapiens_Val-AAC-2-1	73	173662	0
Homo_sapiens_Val-AAC-1-1	73	55849	0
Homo_sapiens_Val-AAC-1-4	73	56063	0
Homo_sapiens_Val-AAC-1-2	73	55932	0
Homo_sapiens_Val-AAC-1-3	73	55898	0
Homo_sapiens_Val-AAC-1-5	73	55885	0
Homo_sapiens_Val-CAC-12-1	74	24	0
Homo_sapiens_Val-CAC-10-1	73	157	0
Homo_sapiens_Val-CAC-9-1	73	61	0
Homo_sapiens_Val-CAC-8-1	71	90	0
Homo_sapiens_Val-CAC-7-1	73	1320	0
Homo_sapiens_Val-CAC-6-1	73	2143	0
Homo_sapiens_Val-CAC-5-1	74	739	0
Homo_sapiens_Val-CAC-4-1	73	7553	0
Homo_sapiens_Val-CAC-3-1	73	65357	0
Homo_sapiens_Val-CAC-2-1	73	57293	0
Homo_sapiens_Val-CAC-1-1	73	199034	0
Homo_sapiens_Val-CAC-1-5	73	198868	0
Homo_sapiens_Val-CAC-1-3	73	198547	0
Homo_sapiens_Val-CAC-1-2	73	198020	0
Homo_sapiens_Val-CAC-1-4	73	198406	0
Homo_sapiens_Val-CAC-1-6	73	198049	0
Homo_sapiens_Val-TAC-4-1	73	20580	0
Homo_sapiens_Val-TAC-3-1	73	16881	0
Homo_sapiens_Val-TAC-2-1	73	58058	0
Homo_sapiens_Val-TAC-1-1	73	76714	0
Homo_sapiens_Val-TAC-1-2	73	77132	0
*	0	0	71226833

