Homo_sapiens_Ala-AGC-22-1	73	2	0
Homo_sapiens_Ala-AGC-21-1	73	4	0
Homo_sapiens_Ala-AGC-20-1	71	3	0
Homo_sapiens_Ala-AGC-19-1	73	28	0
Homo_sapiens_Ala-AGC-18-2	73	4	0
Homo_sapiens_Ala-AGC-18-1	73	2	0
Homo_sapiens_Ala-AGC-17-1	73	0	0
Homo_sapiens_Ala-AGC-16-1	73	0	0
Homo_sapiens_Ala-AGC-15-1	73	994	0
Homo_sapiens_Ala-AGC-14-1	73	5	0
Homo_sapiens_Ala-AGC-13-1	73	121	0
Homo_sapiens_Ala-AGC-13-2	73	94	0
Homo_sapiens_Ala-AGC-12-2	73	7	0
Homo_sapiens_Ala-AGC-12-1	73	10	0
Homo_sapiens_Ala-AGC-12-3	73	11	0
Homo_sapiens_Ala-AGC-11-1	73	1443	0
Homo_sapiens_Ala-AGC-10-1	73	22	0
Homo_sapiens_Ala-AGC-9-2	73	38	0
Homo_sapiens_Ala-AGC-9-1	73	50	0
Homo_sapiens_Ala-AGC-8-1	73	1378	0
Homo_sapiens_Ala-AGC-8-2	73	1455	0
Homo_sapiens_Ala-AGC-7-1	72	29	0
Homo_sapiens_Ala-AGC-6-1	72	2357	0
Homo_sapiens_Ala-AGC-5-1	72	7481	0
Homo_sapiens_Ala-AGC-4-1	72	18359	0
Homo_sapiens_Ala-AGC-3-1	72	513	0
Homo_sapiens_Ala-AGC-2-2	72	1574	0
Homo_sapiens_Ala-AGC-2-1	72	1483	0
Homo_sapiens_Ala-AGC-1-1	72	719	0
Homo_sapiens_Ala-CGC-5-1	72	60	0
Homo_sapiens_Ala-CGC-4-1	72	2226	0
Homo_sapiens_Ala-CGC-3-1	72	1938	0
Homo_sapiens_Ala-CGC-2-1	72	2854	0
Homo_sapiens_Ala-CGC-1-1	72	3429	0
Homo_sapiens_Ala-TGC-8-1	72	1	0
Homo_sapiens_Ala-TGC-7-1	71	7	0
Homo_sapiens_Ala-TGC-6-1	72	20824	0
Homo_sapiens_Ala-TGC-5-1	72	1950	0
Homo_sapiens_Ala-TGC-4-1	72	83983	0
Homo_sapiens_Ala-TGC-3-2	72	10350	0
Homo_sapiens_Ala-TGC-3-1	72	10160	0
Homo_sapiens_Ala-TGC-2-1	72	1162	0
Homo_sapiens_Ala-TGC-1-1	72	1102	0
Homo_sapiens_Arg-ACG-2-1	73	6842	0
Homo_sapiens_Arg-ACG-2-4	73	6850	0
Homo_sapiens_Arg-ACG-2-2	73	6886	0
Homo_sapiens_Arg-ACG-2-3	73	6944	0
Homo_sapiens_Arg-ACG-1-3	73	11431	0
Homo_sapiens_Arg-ACG-1-1	73	11553	0
Homo_sapiens_Arg-ACG-1-2	73	11510	0
Homo_sapiens_Arg-CCG-2-1	73	245996	0
Homo_sapiens_Arg-CCG-1-3	73	15638	0
Homo_sapiens_Arg-CCG-1-1	73	15558	0
Homo_sapiens_Arg-CCG-1-2	73	15925	0
Homo_sapiens_Arg-CCT-5-1	73	6	0
Homo_sapiens_Arg-CCT-4-1	73	138104	0
Homo_sapiens_Arg-CCT-3-1	73	12193	0
Homo_sapiens_Arg-CCT-2-1	73	18607	0
Homo_sapiens_Arg-CCT-1-1	73	29017	0
Homo_sapiens_Arg-TCG-6-1	73	7	0
Homo_sapiens_Arg-TCG-5-1	73	4074	0
Homo_sapiens_Arg-TCG-4-1	73	177	0
Homo_sapiens_Arg-TCG-3-1	73	27104	0
Homo_sapiens_Arg-TCG-2-1	73	1612	0
Homo_sapiens_Arg-TCG-1-1	73	6244	0
Homo_sapiens_Arg-TCT-4-1	74	1204	0
Homo_sapiens_Arg-TCT-3-1	91	31	0
Homo_sapiens_Arg-TCT-5-1	87	37	0
Homo_sapiens_Arg-TCT-3-2	86	11226	0
Homo_sapiens_Arg-TCT-2-1	88	9570	0
Homo_sapiens_Arg-TCT-1-1	85	19078	0
Homo_sapiens_Asn-ATT-1-1	74	0	0
Homo_sapiens_Asn-ATT-1-2	74	0	0
Homo_sapiens_Asn-GTT-20-1	76	6	0
Homo_sapiens_Asn-GTT-19-1	74	0	0
Homo_sapiens_Asn-GTT-18-1	74	0	0
Homo_sapiens_Asn-GTT-17-1	74	335	0
Homo_sapiens_Asn-GTT-16-1	74	0	0
Homo_sapiens_Asn-GTT-16-3	74	0	0
Homo_sapiens_Asn-GTT-16-2	74	0	0
Homo_sapiens_Asn-GTT-16-4	74	0	0
Homo_sapiens_Asn-GTT-16-5	74	0	0
Homo_sapiens_Asn-GTT-15-1	74	3	0
Homo_sapiens_Asn-GTT-14-1	74	1	0
Homo_sapiens_Asn-GTT-13-1	74	0	0
Homo_sapiens_Asn-GTT-12-1	74	0	0
Homo_sapiens_Asn-GTT-11-1	74	41	0
Homo_sapiens_Asn-GTT-11-2	74	35	0
Homo_sapiens_Asn-GTT-10-1	74	10	0
Homo_sapiens_Asn-GTT-9-2	74	78	0
Homo_sapiens_Asn-GTT-9-1	74	81	0
Homo_sapiens_Asn-GTT-8-1	74	1065	0
Homo_sapiens_Asn-GTT-7-1	74	38	0
Homo_sapiens_Asn-GTT-6-1	74	5438	0
Homo_sapiens_Asn-GTT-5-1	74	387	0
Homo_sapiens_Asn-GTT-4-1	74	2050	0
Homo_sapiens_Asn-GTT-3-2	74	58818	0
Homo_sapiens_Asn-GTT-3-1	74	59482	0
Homo_sapiens_Asn-GTT-2-1	74	8685	0
Homo_sapiens_Asn-GTT-2-2	74	8612	0
Homo_sapiens_Asn-GTT-2-3	74	8547	0
Homo_sapiens_Asn-GTT-2-4	74	8585	0
Homo_sapiens_Asn-GTT-2-5	74	8509	0
Homo_sapiens_Asn-GTT-2-6	74	8655	0
Homo_sapiens_Asn-GTT-1-1	74	16721	0
Homo_sapiens_Asp-GTC-9-1	72	0	0
Homo_sapiens_Asp-GTC-8-1	71	0	0
Homo_sapiens_Asp-GTC-7-1	72	4	0
Homo_sapiens_Asp-GTC-6-1	71	0	0
Homo_sapiens_Asp-GTC-5-1	72	9	0
Homo_sapiens_Asp-GTC-4-1	72	20	0
Homo_sapiens_Asp-GTC-3-1	72	173	0
Homo_sapiens_Asp-GTC-2-5	72	65425	0
Homo_sapiens_Asp-GTC-2-4	72	66029	0
Homo_sapiens_Asp-GTC-2-3	72	65452	0
Homo_sapiens_Asp-GTC-2-2	72	65789	0
Homo_sapiens_Asp-GTC-2-1	72	66122	0
Homo_sapiens_Asp-GTC-2-10	72	65550	0
Homo_sapiens_Asp-GTC-2-9	72	66122	0
Homo_sapiens_Asp-GTC-2-8	72	65747	0
Homo_sapiens_Asp-GTC-2-11	72	65627	0
Homo_sapiens_Asp-GTC-2-6	72	65558	0
Homo_sapiens_Asp-GTC-2-7	72	65459	0
Homo_sapiens_Asp-GTC-1-1	72	51229	0
Homo_sapiens_Cys-GCA-24-1	72	0	0
Homo_sapiens_Cys-GCA-23-1	72	1	0
Homo_sapiens_Cys-GCA-22-1	72	1	0
Homo_sapiens_Cys-GCA-21-1	72	1	0
Homo_sapiens_Cys-GCA-20-1	72	13	0
Homo_sapiens_Cys-GCA-19-1	72	80	0
Homo_sapiens_Cys-GCA-18-1	72	1	0
Homo_sapiens_Cys-GCA-17-1	72	5	0
Homo_sapiens_Cys-GCA-16-1	72	7	0
Homo_sapiens_Cys-GCA-15-1	72	12	0
Homo_sapiens_Cys-GCA-14-1	72	129	0
Homo_sapiens_Cys-GCA-13-1	72	210	0
Homo_sapiens_Cys-GCA-12-1	72	108	0
Homo_sapiens_Cys-GCA-11-1	72	6	0
Homo_sapiens_Cys-GCA-10-1	72	15	0
Homo_sapiens_Cys-GCA-9-1	72	126	0
Homo_sapiens_Cys-GCA-9-3	72	124	0
Homo_sapiens_Cys-GCA-9-4	72	132	0
Homo_sapiens_Cys-GCA-9-2	72	148	0
Homo_sapiens_Cys-GCA-8-1	72	73	0
Homo_sapiens_Cys-GCA-7-1	73	28	0
Homo_sapiens_Cys-GCA-6-1	72	187	0
Homo_sapiens_Cys-GCA-5-1	73	643	0
Homo_sapiens_Cys-GCA-4-1	72	1748	0
Homo_sapiens_Cys-GCA-3-1	72	2	0
Homo_sapiens_Cys-GCA-2-2	72	1032	0
Homo_sapiens_Cys-GCA-2-4	72	1041	0
Homo_sapiens_Cys-GCA-2-3	72	1026	0
Homo_sapiens_Cys-GCA-2-1	72	1011	0
Homo_sapiens_Cys-GCA-1-1	72	44	0
Homo_sapiens_Gln-CTG-18-1	74	0	0
Homo_sapiens_Gln-CTG-17-1	78	0	0
Homo_sapiens_Gln-CTG-15-1	73	0	0
Homo_sapiens_Gln-CTG-12-1	73	15	0
Homo_sapiens_Gln-CTG-10-1	72	2	0
Homo_sapiens_Gln-CTG-8-2	72	11	0
Homo_sapiens_Gln-CTG-8-1	72	5	0
Homo_sapiens_Gln-CTG-7-1	72	6	0
Homo_sapiens_Gln-CTG-6-1	72	3124	0
Homo_sapiens_Gln-CTG-5-1	72	611	0
Homo_sapiens_Gln-CTG-4-1	72	100314	0
Homo_sapiens_Gln-CTG-4-2	72	100124	0
Homo_sapiens_Gln-CTG-3-1	72	146559	0
Homo_sapiens_Gln-CTG-3-2	72	146062	0
Homo_sapiens_Gln-CTG-2-1	72	282594	0
Homo_sapiens_Gln-CTG-1-4	72	190264	0
Homo_sapiens_Gln-CTG-1-5	72	190531	0
Homo_sapiens_Gln-CTG-1-1	72	191134	0
Homo_sapiens_Gln-CTG-1-2	72	191181	0
Homo_sapiens_Gln-CTG-1-3	72	190656	0
Homo_sapiens_nmt-tRNA-Gln-TTG-14-1	72	24	0
Homo_sapiens_Gln-TTG-10-1	73	0	0
Homo_sapiens_nmt-tRNA-Gln-TTG-5-1	72	0	0
Homo_sapiens_Gln-TTG-6-1	73	7	0
Homo_sapiens_nmt-tRNA-Gln-TTG-3-1	72	184	0
Homo_sapiens_Gln-TTG-4-1	72	246	0
Homo_sapiens_Gln-TTG-3-3	72	96288	0
Homo_sapiens_Gln-TTG-3-2	72	96618	0
Homo_sapiens_Gln-TTG-3-1	72	97057	0
Homo_sapiens_Gln-TTG-2-1	72	15753	0
Homo_sapiens_Gln-TTG-1-1	72	76300	0
Homo_sapiens_Glu-CTC-17-1	69	0	0
Homo_sapiens_Glu-CTC-8-1	72	0	0
Homo_sapiens_Glu-CTC-6-1	72	0	0
Homo_sapiens_Glu-CTC-5-1	71	1	0
Homo_sapiens_Glu-CTC-3-1	72	33	0
Homo_sapiens_Glu-CTC-2-1	72	4367	0
Homo_sapiens_Glu-CTC-1-1	72	595588	0
Homo_sapiens_Glu-CTC-1-5	72	595544	0
Homo_sapiens_Glu-CTC-1-4	72	595655	0
Homo_sapiens_Glu-CTC-1-3	72	596075	0
Homo_sapiens_Glu-CTC-1-2	72	593641	0
Homo_sapiens_Glu-CTC-1-6	72	596007	0
Homo_sapiens_Glu-CTC-1-7	72	597914	0
Homo_sapiens_Glu-TTC-16-1	69	11	0
Homo_sapiens_Glu-TTC-13-1	69	9	0
Homo_sapiens_Glu-TTC-12-1	69	0	0
Homo_sapiens_Glu-TTC-11-1	71	0	0
Homo_sapiens_Glu-TTC-8-1	73	12	0
Homo_sapiens_Glu-TTC-5-1	72	617	0
Homo_sapiens_Glu-TTC-4-1	72	136636	0
Homo_sapiens_Glu-TTC-4-2	72	136983	0
Homo_sapiens_Glu-TTC-3-1	72	20545	0
Homo_sapiens_Glu-TTC-2-1	72	158504	0
Homo_sapiens_Glu-TTC-2-2	72	158044	0
Homo_sapiens_Glu-TTC-1-2	72	248068	0
Homo_sapiens_Glu-TTC-1-1	72	247099	0
Homo_sapiens_Gly-CCC-5-1	71	47	0
Homo_sapiens_Gly-CCC-4-1	71	1033	0
Homo_sapiens_Gly-CCC-3-1	71	9	0
Homo_sapiens_Gly-CCC-2-2	71	577164	0
Homo_sapiens_Gly-CCC-2-1	71	578790	0
Homo_sapiens_Gly-CCC-1-1	71	63796	0
Homo_sapiens_Gly-CCC-1-2	71	63784	0
Homo_sapiens_Gly-GCC-6-1	71	0	0
Homo_sapiens_Gly-GCC-5-1	71	31	0
Homo_sapiens_Gly-GCC-4-1	71	22	0
Homo_sapiens_Gly-GCC-3-1	71	175	0
Homo_sapiens_Gly-GCC-2-1	71	180018	0
Homo_sapiens_Gly-GCC-2-5	71	181758	0
Homo_sapiens_Gly-GCC-2-4	71	180450	0
Homo_sapiens_Gly-GCC-2-6	71	181893	0
Homo_sapiens_Gly-GCC-2-2	71	180955	0
Homo_sapiens_Gly-GCC-2-3	71	181357	0
Homo_sapiens_Gly-GCC-1-1	71	145046	0
Homo_sapiens_Gly-GCC-1-2	71	144897	0
Homo_sapiens_Gly-GCC-1-3	71	145438	0
Homo_sapiens_Gly-GCC-1-4	71	144912	0
Homo_sapiens_Gly-GCC-1-5	71	145195	0
Homo_sapiens_Gly-TCC-4-1	72	18	0
Homo_sapiens_Gly-TCC-3-1	72	225991	0
Homo_sapiens_Gly-TCC-2-1	72	97802	0
Homo_sapiens_Gly-TCC-2-6	72	98192	0
Homo_sapiens_Gly-TCC-2-5	72	97881	0
Homo_sapiens_Gly-TCC-2-4	72	97900	0
Homo_sapiens_Gly-TCC-2-3	72	98398	0
Homo_sapiens_Gly-TCC-2-2	72	97898	0
Homo_sapiens_Gly-TCC-1-1	72	134362	0
Homo_sapiens_His-GTG-3-1	72	1	0
Homo_sapiens_His-GTG-2-1	72	553	0
Homo_sapiens_His-GTG-1-4	72	77010	0
Homo_sapiens_His-GTG-1-1	72	77221	0
Homo_sapiens_His-GTG-1-2	72	76733	0
Homo_sapiens_His-GTG-1-3	72	76766	0
Homo_sapiens_His-GTG-1-9	72	77456	0
Homo_sapiens_His-GTG-1-8	72	77129	0
Homo_sapiens_His-GTG-1-7	72	76776	0
Homo_sapiens_His-GTG-1-5	72	77044	0
Homo_sapiens_His-GTG-1-6	72	76780	0
Homo_sapiens_Ile-AAT-9-1	74	54	0
Homo_sapiens_Ile-AAT-8-1	74	24067	0
Homo_sapiens_Ile-AAT-7-1	74	2192	0
Homo_sapiens_Ile-AAT-7-2	74	2220	0
Homo_sapiens_Ile-AAT-6-1	74	31520	0
Homo_sapiens_Ile-AAT-5-4	74	76815	0
Homo_sapiens_Ile-AAT-5-5	74	76915	0
Homo_sapiens_Ile-AAT-5-1	74	77001	0
Homo_sapiens_Ile-AAT-5-3	74	77238	0
Homo_sapiens_Ile-AAT-5-2	74	76520	0
Homo_sapiens_Ile-AAT-4-1	74	33393	0
Homo_sapiens_Ile-AAT-3-1	74	2873	0
Homo_sapiens_Ile-AAT-2-1	74	8386	0
Homo_sapiens_Ile-AAT-1-1	74	250	0
Homo_sapiens_Ile-GAT-1-3	74	105	0
Homo_sapiens_Ile-GAT-1-2	74	87	0
Homo_sapiens_Ile-GAT-1-1	74	89	0
Homo_sapiens_Ile-TAT-2-2	94	5	0
Homo_sapiens_Ile-TAT-2-3	94	4	0
Homo_sapiens_Ile-TAT-3-1	94	315	0
Homo_sapiens_Ile-TAT-1-1	93	263	0
Homo_sapiens_Ile-TAT-2-1	93	782	0
Homo_sapiens_Leu-AAG-8-1	82	2	0
Homo_sapiens_Leu-AAG-6-1	82	304	0
Homo_sapiens_Leu-AAG-5-1	73	0	0
Homo_sapiens_Leu-AAG-4-1	82	9	0
Homo_sapiens_Leu-AAG-3-1	82	333	0
Homo_sapiens_Leu-AAG-2-3	82	14957	0
Homo_sapiens_Leu-AAG-2-4	82	15221	0
Homo_sapiens_Leu-AAG-2-1	82	15212	0
Homo_sapiens_Leu-AAG-2-2	82	15104	0
Homo_sapiens_Leu-AAG-1-3	82	896	0
Homo_sapiens_Leu-AAG-1-1	82	867	0
Homo_sapiens_Leu-AAG-1-2	82	883	0
Homo_sapiens_Leu-CAA-6-1	84	0	0
Homo_sapiens_Leu-CAA-5-1	74	154	0
Homo_sapiens_Leu-CAA-4-1	106	2971	0
Homo_sapiens_Leu-CAA-3-1	107	1293	0
Homo_sapiens_Leu-CAA-2-1	108	1311	0
Homo_sapiens_Leu-CAA-1-1	106	2773	0
Homo_sapiens_Leu-CAA-1-2	105	2734	0
Homo_sapiens_Leu-CAG-3-1	78	0	0
Homo_sapiens_Leu-CAG-2-1	83	947	0
Homo_sapiens_Leu-CAG-2-2	83	968	0
Homo_sapiens_Leu-CAG-1-1	83	162	0
Homo_sapiens_Leu-CAG-1-2	83	122	0
Homo_sapiens_Leu-CAG-1-3	83	126	0
Homo_sapiens_Leu-CAG-1-4	83	129	0
Homo_sapiens_Leu-CAG-1-5	83	143	0
Homo_sapiens_Leu-CAG-1-6	83	126	0
Homo_sapiens_Leu-CAG-1-7	83	131	0
Homo_sapiens_nmt-tRNA-Leu-TAA-4-1	75	485	0
Homo_sapiens_Leu-TAA-5-1	83	2	0
Homo_sapiens_nmt-tRNA-Leu-TAA-1-1	75	5	0
Homo_sapiens_Leu-TAA-4-1	83	1	0
Homo_sapiens_Leu-TAA-3-1	83	46	0
Homo_sapiens_Leu-TAA-2-1	83	4	0
Homo_sapiens_Leu-TAA-1-1	83	45	0
Homo_sapiens_Leu-TAG-3-1	82	15546	0
Homo_sapiens_Leu-TAG-2-1	82	7764	0
Homo_sapiens_Leu-TAG-1-1	82	2997	0
Homo_sapiens_Lys-CTT-15-1	73	22	0
Homo_sapiens_Lys-CTT-11-1	73	92	0
Homo_sapiens_Lys-CTT-10-1	73	8	0
Homo_sapiens_Lys-CTT-9-1	73	48	0
Homo_sapiens_Lys-CTT-8-1	73	28	0
Homo_sapiens_Lys-CTT-7-1	73	18	0
Homo_sapiens_Lys-CTT-6-1	73	14	0
Homo_sapiens_Lys-CTT-5-1	73	792	0
Homo_sapiens_Lys-CTT-4-1	73	79457	0
Homo_sapiens_Lys-CTT-3-1	73	936	0
Homo_sapiens_Lys-CTT-2-1	73	186952	0
Homo_sapiens_Lys-CTT-2-5	73	187220	0
Homo_sapiens_Lys-CTT-2-3	73	186989	0
Homo_sapiens_Lys-CTT-2-2	73	187243	0
Homo_sapiens_Lys-CTT-2-4	73	186825	0
Homo_sapiens_Lys-CTT-1-1	73	429980	0
Homo_sapiens_Lys-CTT-1-2	73	430868	0
Homo_sapiens_Lys-TTT-16-1	71	0	0
Homo_sapiens_Lys-TTT-12-1	73	2	0
Homo_sapiens_Lys-TTT-11-1	73	23	0
Homo_sapiens_Lys-TTT-9-1	73	4	0
Homo_sapiens_Lys-TTT-8-1	73	0	0
Homo_sapiens_Lys-TTT-7-1	73	24	0
Homo_sapiens_Lys-TTT-6-1	73	1873	0
Homo_sapiens_Lys-TTT-5-1	73	12869	0
Homo_sapiens_Lys-TTT-4-1	73	6747	0
Homo_sapiens_Lys-TTT-3-1	73	22261	0
Homo_sapiens_Lys-TTT-3-2	73	22110	0
Homo_sapiens_Lys-TTT-3-4	73	22002	0
Homo_sapiens_Lys-TTT-3-5	73	22277	0
Homo_sapiens_Lys-TTT-3-3	73	22003	0
Homo_sapiens_Lys-TTT-2-1	73	4634	0
Homo_sapiens_Lys-TTT-1-1	73	3187	0
Homo_sapiens_iMet-CAT-3-1	75	27	0
Homo_sapiens_iMet-CAT-2-1	72	1600	0
Homo_sapiens_Met-CAT-7-1	73	12	0
Homo_sapiens_iMet-CAT-1-1	72	203031	0
Homo_sapiens_iMet-CAT-1-8	72	202810	0
Homo_sapiens_iMet-CAT-1-7	72	202902	0
Homo_sapiens_iMet-CAT-1-6	72	202437	0
Homo_sapiens_iMet-CAT-1-5	72	202550	0
Homo_sapiens_iMet-CAT-1-4	72	203281	0
Homo_sapiens_iMet-CAT-1-3	72	201950	0
Homo_sapiens_iMet-CAT-1-2	72	203486	0
Homo_sapiens_Met-CAT-6-1	73	66621	0
Homo_sapiens_Met-CAT-5-1	73	184	0
Homo_sapiens_Met-CAT-4-2	73	4353	0
Homo_sapiens_Met-CAT-4-1	73	4291	0
Homo_sapiens_Met-CAT-4-3	73	4305	0
Homo_sapiens_Met-CAT-3-1	73	2669	0
Homo_sapiens_Met-CAT-3-2	73	2652	0
Homo_sapiens_Met-CAT-2-1	73	10520	0
Homo_sapiens_Met-CAT-1-1	73	22509	0
Homo_sapiens_Phe-GAA-7-1	76	0	0
Homo_sapiens_Phe-GAA-6-1	74	0	0
Homo_sapiens_Phe-GAA-5-1	73	0	0
Homo_sapiens_Phe-GAA-4-1	74	9	0
Homo_sapiens_Phe-GAA-3-1	73	195	0
Homo_sapiens_Phe-GAA-2-1	73	134	0
Homo_sapiens_Phe-GAA-1-3	73	117	0
Homo_sapiens_Phe-GAA-1-4	73	80	0
Homo_sapiens_Phe-GAA-1-5	73	91	0
Homo_sapiens_Phe-GAA-1-6	73	105	0
Homo_sapiens_Phe-GAA-1-1	73	105	0
Homo_sapiens_Phe-GAA-1-2	73	92	0
Homo_sapiens_Pro-AGG-2-1	72	1353	0
Homo_sapiens_Pro-AGG-2-4	72	1279	0
Homo_sapiens_Pro-AGG-2-6	72	1360	0
Homo_sapiens_Pro-AGG-2-5	72	1284	0
Homo_sapiens_Pro-AGG-2-7	72	1250	0
Homo_sapiens_Pro-AGG-2-8	72	1262	0
Homo_sapiens_Pro-AGG-2-2	72	1222	0
Homo_sapiens_Pro-AGG-2-3	72	1385	0
Homo_sapiens_Pro-AGG-1-1	72	1131	0
Homo_sapiens_Pro-AGG-3-1	95	1	0
Homo_sapiens_Pro-CGG-2-1	72	1822	0
Homo_sapiens_Pro-CGG-1-1	72	3346	0
Homo_sapiens_Pro-CGG-1-2	72	3337	0
Homo_sapiens_Pro-CGG-1-3	72	3301	0
Homo_sapiens_Pro-TGG-3-2	72	3219	0
Homo_sapiens_Pro-TGG-3-4	72	3284	0
Homo_sapiens_Pro-TGG-3-3	72	3312	0
Homo_sapiens_Pro-TGG-3-5	72	3333	0
Homo_sapiens_Pro-TGG-3-1	72	3269	0
Homo_sapiens_Pro-TGG-2-1	72	3284	0
Homo_sapiens_Pro-TGG-1-1	72	3356	0
Homo_sapiens_chr19.trna11-Undet???	71	0	0
Homo_sapiens_chr2.trna26-Undet???	71	0	0
Homo_sapiens_chr1.trna126-Undet???	71	1	0
Homo_sapiens_chr1.trna53-Undet???	73	0	0
Homo_sapiens_chr17.trna1-Undet???	69	3	0
Homo_sapiens_chr1.trna137-Undet???	70	29	0
Homo_sapiens_chr1.trna33-Undet???	73	0	0
Homo_sapiens_Leu-AAG-7-1	82	6	0
Homo_sapiens_Ile-AAT-12-1	78	0	0
Homo_sapiens_Ile-AAT-11-1	75	0	0
Homo_sapiens_Ile-AAT-10-1	74	1	0
Homo_sapiens_Cys-ACA-1-1	176	0	0
Homo_sapiens_Ser-ACT-1-1	74	29	0
Homo_sapiens_Ser-AGA-7-1	72	0	0
Homo_sapiens_Ala-AGC-23-1	72	1	0
Homo_sapiens_Pro-AGG-6-1	72	0	0
Homo_sapiens_Pro-AGG-5-1	71	0	0
Homo_sapiens_Pro-AGG-4-1	72	5	0
Homo_sapiens_Leu-CAA-7-1	68	0	0
Homo_sapiens_Val-CAC-14-1	73	27	0
Homo_sapiens_Val-CAC-13-1	73	1	0
Homo_sapiens_Val-CAC-11-1	73	10	0
Homo_sapiens_Val-CAC-11-2	73	7	0
Homo_sapiens_Gly-CCC-8-1	71	0	0
Homo_sapiens_Gly-CCC-7-1	72	32	0
Homo_sapiens_Gly-CCC-6-1	71	20	0
Homo_sapiens_Arg-CCT-9-1	69	0	0
Homo_sapiens_Arg-CCT-8-1	71	0	0
Homo_sapiens_Arg-CCT-7-1	71	2	0
Homo_sapiens_Arg-CCT-6-1	71	0	0
Homo_sapiens_Arg-CCT-6-2	71	0	0
Homo_sapiens_Sup-CTA-3-1	73	0	0
Homo_sapiens_Sup-CTA-2-1	68	0	0
Homo_sapiens_Glu-CTC-18-1	72	0	0
Homo_sapiens_Glu-CTC-16-1	73	0	0
Homo_sapiens_Glu-CTC-15-1	73	20	0
Homo_sapiens_Glu-CTC-14-1	75	0	0
Homo_sapiens_Glu-CTC-13-1	72	66	0
Homo_sapiens_Glu-CTC-12-1	72	12	0
Homo_sapiens_Glu-CTC-11-1	72	0	0
Homo_sapiens_Glu-CTC-10-1	72	1	0
Homo_sapiens_Glu-CTC-9-1	73	10	0
Homo_sapiens_Glu-CTC-7-1	72	0	0
Homo_sapiens_Glu-CTC-4-1	72	4	0
Homo_sapiens_Gln-CTG-16-1	76	0	0
Homo_sapiens_Gln-CTG-14-1	72	0	0
Homo_sapiens_Gln-CTG-13-1	72	0	0
Homo_sapiens_nmt-tRNA-Gln-CTG-1-1	75	1	0
Homo_sapiens_Gln-CTG-11-1	72	1	0
Homo_sapiens_Gln-CTG-9-1	72	126	0
Homo_sapiens_Lys-CTT-16-1	74	24	0
Homo_sapiens_Lys-CTT-14-1	73	54	0
Homo_sapiens_Lys-CTT-13-1	73	1	0
Homo_sapiens_Lys-CTT-12-1	73	0	0
Homo_sapiens_Phe-GAA-12-1	73	0	0
Homo_sapiens_Phe-GAA-11-1	73	3	0
Homo_sapiens_Phe-GAA-10-1	72	97	0
Homo_sapiens_Phe-GAA-9-1	72	78	0
Homo_sapiens_Phe-GAA-8-1	73	4	0
Homo_sapiens_Cys-GCA-25-1	73	71	0
Homo_sapiens_Pro-GGG-1-1	73	0	0
Homo_sapiens_Tyr-GTA-12-1	73	0	0
Homo_sapiens_Tyr-GTA-11-1	76	0	0
Homo_sapiens_Asp-GTC-10-1	72	14	0
Homo_sapiens_Asn-GTT-23-1	74	0	0
Homo_sapiens_Asn-GTT-22-1	74	1	0
Homo_sapiens_Asn-GTT-21-1	74	0	0
Homo_sapiens_nmt-tRNA-Leu-TAA-6-1	75	0	0
Homo_sapiens_nmt-tRNA-Leu-TAA-5-1	75	0	0
Homo_sapiens_nmt-tRNA-Leu-TAA-3-1	75	52491	0
Homo_sapiens_nmt-tRNA-Leu-TAA-2-1	75	0	0
Homo_sapiens_nmt-tRNA-Val-TAC-1-1	75	52386	0
Homo_sapiens_Leu-TAG-4-1	82	1	0
Homo_sapiens_Gly-TCC-6-1	72	4	0
Homo_sapiens_Gly-TCC-5-1	72	4	0
Homo_sapiens_nmt-tRNA-Ser-TGA-3-1	69	1	0
Homo_sapiens_nmt-tRNA-Ser-TGA-2-1	70	3	0
Homo_sapiens_Ala-TGC-10-1	70	0	0
Homo_sapiens_Ala-TGC-9-1	72	1	0
Homo_sapiens_Pro-TGG-5-1	77	0	0
Homo_sapiens_nmt-tRNA-Pro-TGG-1-1	72	1	0
Homo_sapiens_Pro-TGG-4-1	71	15	0
Homo_sapiens_Sup-TTA-3-1	72	1	0
Homo_sapiens_Glu-TTC-15-1	69	26	0
Homo_sapiens_Glu-TTC-14-1	72	1	0
Homo_sapiens_Glu-TTC-10-1	73	3	0
Homo_sapiens_Glu-TTC-9-1	71	12	0
Homo_sapiens_Glu-TTC-7-1	72	23	0
Homo_sapiens_Glu-TTC-6-1	72	8	0
Homo_sapiens_nmt-tRNA-Gln-TTG-15-1	72	1	0
Homo_sapiens_nmt-tRNA-Gln-TTG-13-1	72	8	0
Homo_sapiens_Gln-TTG-9-1	74	0	0
Homo_sapiens_nmt-tRNA-Gln-TTG-12-1	72	208	0
Homo_sapiens_nmt-tRNA-Gln-TTG-11-1	72	0	0
Homo_sapiens_Gln-TTG-8-1	73	0	0
Homo_sapiens_nmt-tRNA-Gln-TTG-10-1	72	4	0
Homo_sapiens_Gln-TTG-7-1	73	0	0
Homo_sapiens_nmt-tRNA-Gln-TTG-9-1	72	80165	0
Homo_sapiens_nmt-tRNA-Gln-TTG-8-1	75	1	0
Homo_sapiens_nmt-tRNA-Gln-TTG-7-1	72	124842	0
Homo_sapiens_nmt-tRNA-Gln-TTG-6-1	75	9	0
Homo_sapiens_nmt-tRNA-Gln-TTG-4-1	72	0	0
Homo_sapiens_nmt-tRNA-Gln-TTG-2-1	72	0	0
Homo_sapiens_nmt-tRNA-Gln-TTG-1-1	72	0	0
Homo_sapiens_Gln-TTG-5-1	73	0	0
Homo_sapiens_Lys-TTT-17-1	70	0	0
Homo_sapiens_Lys-TTT-15-1	73	2	0
Homo_sapiens_Lys-TTT-14-1	73	210	0
Homo_sapiens_Lys-TTT-13-1	74	0	0
Homo_sapiens_Lys-TTT-10-1	73	0	0
Homo_sapiens_SeC-TCA-3-1	74	30	0
Homo_sapiens_SeC-TCA-2-1	86	0	0
Homo_sapiens_SeC-TCA-1-1	86	915	0
Homo_sapiens_Ser-AGA-6-1	82	0	0
Homo_sapiens_Ser-AGA-5-1	72	1	0
Homo_sapiens_Ser-AGA-4-1	82	31	0
Homo_sapiens_Ser-AGA-3-1	82	49	0
Homo_sapiens_Ser-AGA-2-6	82	92	0
Homo_sapiens_Ser-AGA-2-2	82	80	0
Homo_sapiens_Ser-AGA-2-3	82	85	0
Homo_sapiens_Ser-AGA-2-4	82	95	0
Homo_sapiens_Ser-AGA-2-1	82	104	0
Homo_sapiens_Ser-AGA-2-5	82	75	0
Homo_sapiens_Ser-AGA-1-1	82	140	0
Homo_sapiens_Ser-CGA-4-1	82	581	0
Homo_sapiens_Ser-CGA-3-1	82	29	0
Homo_sapiens_Ser-CGA-2-1	82	29	0
Homo_sapiens_Ser-CGA-1-1	82	165	0
Homo_sapiens_Ser-GCT-6-1	84	3	0
Homo_sapiens_Ser-GCT-5-1	82	16	0
Homo_sapiens_Ser-GCT-4-2	82	40	0
Homo_sapiens_Ser-GCT-4-3	82	39	0
Homo_sapiens_Ser-GCT-4-1	82	38	0
Homo_sapiens_Ser-GCT-3-1	82	253	0
Homo_sapiens_Ser-GCT-2-1	82	41	0
Homo_sapiens_Ser-GCT-1-1	82	7	0
Homo_sapiens_nmt-tRNA-Ser-TGA-1-1	70	0	0
Homo_sapiens_Ser-TGA-4-1	82	69	0
Homo_sapiens_Ser-TGA-3-1	82	113	0
Homo_sapiens_Ser-TGA-2-1	82	218	0
Homo_sapiens_Ser-TGA-1-1	82	118	0
Homo_sapiens_Sup-CTA-1-1	74	0	0
Homo_sapiens_Sup-TTA-2-1	71	0	0
Homo_sapiens_Sup-TTA-1-1	71	2	0
Homo_sapiens_Thr-AGT-7-1	74	2286	0
Homo_sapiens_Thr-AGT-6-1	74	4022	0
Homo_sapiens_Thr-AGT-4-1	74	3212	0
Homo_sapiens_Thr-AGT-5-1	74	6625	0
Homo_sapiens_Thr-AGT-3-1	74	760	0
Homo_sapiens_Thr-AGT-2-2	74	3591	0
Homo_sapiens_Thr-AGT-2-1	74	3577	0
Homo_sapiens_Thr-AGT-1-2	74	18331	0
Homo_sapiens_Thr-AGT-1-1	74	18251	0
Homo_sapiens_Thr-AGT-1-3	74	17838	0
Homo_sapiens_Thr-CGT-6-1	72	73	0
Homo_sapiens_Thr-CGT-5-1	74	2	0
Homo_sapiens_Thr-CGT-4-1	72	15222	0
Homo_sapiens_Thr-CGT-3-1	74	7774	0
Homo_sapiens_Thr-CGT-2-1	72	16559	0
Homo_sapiens_Thr-CGT-1-1	74	3580	0
Homo_sapiens_Thr-TGT-6-1	72	3	0
Homo_sapiens_Thr-TGT-5-1	73	607	0
Homo_sapiens_Thr-TGT-4-1	73	1216	0
Homo_sapiens_Thr-TGT-3-1	73	340	0
Homo_sapiens_Thr-TGT-2-1	73	683	0
Homo_sapiens_Thr-TGT-1-1	74	3236	0
Homo_sapiens_Trp-CCA-7-1	74	0	0
Homo_sapiens_Trp-CCA-5-1	72	16	0
Homo_sapiens_Trp-CCA-4-1	72	4228	0
Homo_sapiens_Trp-CCA-3-3	72	921	0
Homo_sapiens_Trp-CCA-3-2	72	985	0
Homo_sapiens_Trp-CCA-3-1	72	924	0
Homo_sapiens_Trp-CCA-2-1	72	4779	0
Homo_sapiens_Trp-CCA-1-1	72	1175	0
Homo_sapiens_Trp-CCA-6-1	99	0	0
Homo_sapiens_Tyr-ATA-1-1	93	0	0
Homo_sapiens_Tyr-GTA-10-1	73	0	0
Homo_sapiens_Tyr-GTA-5-3	94	14	0
Homo_sapiens_Tyr-GTA-4-1	94	7	0
Homo_sapiens_Tyr-GTA-7-1	94	0	0
Homo_sapiens_Tyr-GTA-5-4	94	18	0
Homo_sapiens_Tyr-GTA-5-5	89	15	0
Homo_sapiens_Tyr-GTA-1-1	91	23	0
Homo_sapiens_Tyr-GTA-8-1	90	4	0
Homo_sapiens_Tyr-GTA-3-1	89	16	0
Homo_sapiens_Tyr-GTA-6-1	89	0	0
Homo_sapiens_Tyr-GTA-2-1	89	44	0
Homo_sapiens_Tyr-GTA-9-1	88	0	0
Homo_sapiens_Tyr-GTA-5-1	93	99	0
Homo_sapiens_Tyr-GTA-5-2	89	17	0
Homo_sapiens_chr17.trna22-Undet???	75	0	0
Homo_sapiens_chr8.trna8-Undet???	69	1	0
Homo_sapiens_chr6.trna26-Undet???	74	1	0
Homo_sapiens_Val-AAC-7-1	73	2	0
Homo_sapiens_Val-AAC-6-1	72	12	0
Homo_sapiens_Val-AAC-5-1	73	229	0
Homo_sapiens_Val-AAC-4-1	73	947	0
Homo_sapiens_Val-AAC-3-1	73	13004	0
Homo_sapiens_Val-AAC-2-1	73	290960	0
Homo_sapiens_Val-AAC-1-1	73	61003	0
Homo_sapiens_Val-AAC-1-4	73	61082	0
Homo_sapiens_Val-AAC-1-2	73	60976	0
Homo_sapiens_Val-AAC-1-3	73	61082	0
Homo_sapiens_Val-AAC-1-5	73	61122	0
Homo_sapiens_Val-CAC-12-1	74	0	0
Homo_sapiens_Val-CAC-10-1	73	99	0
Homo_sapiens_Val-CAC-9-1	73	6	0
Homo_sapiens_Val-CAC-8-1	71	140	0
Homo_sapiens_Val-CAC-7-1	73	104	0
Homo_sapiens_Val-CAC-6-1	73	85	0
Homo_sapiens_Val-CAC-5-1	74	94	0
Homo_sapiens_Val-CAC-4-1	73	9507	0
Homo_sapiens_Val-CAC-3-1	73	55936	0
Homo_sapiens_Val-CAC-2-1	73	84858	0
Homo_sapiens_Val-CAC-1-1	73	249116	0
Homo_sapiens_Val-CAC-1-5	73	249177	0
Homo_sapiens_Val-CAC-1-3	73	248502	0
Homo_sapiens_Val-CAC-1-2	73	249002	0
Homo_sapiens_Val-CAC-1-4	73	249762	0
Homo_sapiens_Val-CAC-1-6	73	248891	0
Homo_sapiens_Val-TAC-4-1	73	34019	0
Homo_sapiens_Val-TAC-3-1	73	19559	0
Homo_sapiens_Val-TAC-2-1	73	34268	0
Homo_sapiens_Val-TAC-1-1	73	47745	0
Homo_sapiens_Val-TAC-1-2	73	47090	0
*	0	0	13728818
